id_ruta,codigo_ruta,nombre_ruta,recorrido,sistema_ruta,tipo_ruta,empresa,id_gflota,from_date,tipo_actoadmin,numero_actoadmin,anio_actoadmin,estado,fecha_actualizacion
90223,51-52 CV-O,Campo Valdés Oriental,Origen-Destino,6C,Directa Centro,Expreso Campo Valdés,121335,1755182463247,,,,,1755182463247
90323,243iD,Floresta Directa,Destino-Origen,8A,Integrada,Coonatra,112182,1755182463247,,,,,1755182463247
90314,227iB-2,Socorro,Destino-Origen,8A,Integrada,Metrosan,111992,1755182463247,,,,,1755182463247
90002,286,Circular 286,Origen-Destino,Circular 286,Circular,Combuses,112487,1755182463247,,,,,1755182463247
90003,302,Circular Antihorario 302,Origen-Destino,Circular Izquierda 302,Circular,Autobuses Poblado Laureles,132417,1755182463247,,,,,1755182463247
90004,313,Terminal del Norte-Terminal del Sur,Origen-Destino,Circular 313,Circular,Combuses,142437,1755182463247,,,,,1755182463247
90223,51-52 CV-O,Campo Valdés Oriental,Destino-Origen,6C,Directa Centro,Expreso Campo Valdés,121335,1755182463247,,,,,1755182463247
90006,301,Circular,Origen-Destino,"Circular Coonatra 300, 301, 310, 311",Circular,Coonatra,112457,1755182463247,,,,,1755182463247
90072,250M,Moravia,Origen-Destino,2A,Integrada,Palenque Robledal,110272,1755182463247,,,,,1755182463247
90004,313,Terminal del Norte-Terminal del Sur,Destino-Origen,Circular 313,Circular,Combuses,142437,1755182463247,,,,,1755182463247
90005,300,Circular,Origen-Destino,"Circular Coonatra 300, 301, 310, 311",Circular,Coonatra,112447,1755182463247,,,,,1755182463247
90224,51-52 CV-SD,Campo Valdés San Diego,Origen-Destino,6C,Directa Centro,Expreso Campo Valdés,121345,1755182463247,,,,,1755182463247
90005,300,Circular,Destino-Origen,"Circular Coonatra 300, 301, 310, 311",Circular,Coonatra,112447,1755182463247,,,,,1755182463247
90063,246i,Blanquizal integrada,Origen-Destino,2A,Integrada,Cootransblan,110042,1755182463247,,,,,1755182463247
90254,106,Tres Esquinas,Destino-Origen,6F,Directa Centro,Cootransmallat,111646,1755182463247,,,,,1755182463247
90008,311,Directa Circular,Origen-Destino,"Circular Coonatra 300, 301, 310, 311",Circular,Coonatra,112477,1755182463247,,,,,1755182463247
90007,310,Directa Circular,Origen-Destino,"Circular Coonatra 300, 301, 310, 311",Circular,Coonatra,112467,1755182463247,,,,,1755182463247
90011,308,Ruta de la Salud derecha,Origen-Destino,"Circular 304, 305, 308, 308D, 309, 309D",Circular,Coinvetrans,112537,1755182463247,,,,,1755182463247
90009,304,Comercial Hotelera derecha,Origen-Destino,"Circular 304, 305, 308, 308D, 309, 309D",Circular,Invetrans,112517,1755182463247,,,,,1755182463247
90008,311,Directa Circular,Destino-Origen,"Circular Coonatra 300, 301, 310, 311",Circular,Coonatra,112477,1755182463247,,,,,1755182463247
90012,308D,Ruta de la Salud derecha directa,Origen-Destino,"Circular 304, 305, 308, 308D, 309, 309D",Circular,Coinvetrans,112547,1755182463247,,,,,1755182463247
90065,250AiP,Pajarito integrada,Destino-Origen,2A,Integrada,Palenque Robledal,110242,1755182463247,,,,,1755182463247
90014,309D,Ruta de la Salud izquierda directa,Origen-Destino,"Circular 304, 305, 308, 308D, 309, 309D",Circular,Coinvetrans,112567,1755182463247,,,,,1755182463247
90066,250Aii,Tulipanes La Huerta integrada,Origen-Destino,2A,Integrada,Palenque Robledal,110252,1755182463247,,,,,1755182463247
90010,305,Comercial Hotelera izquierda,Origen-Destino,"Circular 304, 305, 308, 308D, 309, 309D",Circular,Invetrans,112527,1755182463247,,,,,1755182463247
90016,316,Circular 316,Origen-Destino,Circular 315 Y 316,Circular,Santra,112507,1755182463247,,,,,1755182463247
90016,316,Circular 316,Destino-Origen,Circular 315 Y 316,Circular,Santra,112507,1755182463247,,,,,1755182463247
90009,304,Comercial Hotelera derecha,Destino-Origen,"Circular 304, 305, 308, 308D, 309, 309D",Circular,Invetrans,112517,1755182463247,,,,,1755182463247
90057,246,Blanquizal,Origen-Destino,2A,Directa Centro,Cootransblan,110015,1755182463247,,,,,1755182463247
90059,246D,Blanquizal Calazanía directa,Origen-Destino,2A,Directa Centro,Cootransblan,110035,1755182463247,,,,,1755182463247
90315,227i-C,Caseta,Origen-Destino,8A,Integrada,Metrosan,111952,1755182463247,,,,,1755182463247
90061,246C,Blanquizal Calazanía,Origen-Destino,2A,Directa Centro,Cootransblan,110025,1755182463247,,,,,1755182463247
90064,246ii,Blanquizal integrada,Origen-Destino,2A,Integrada,Cootransblan,110052,1755182463247,,,,,1755182463247
90235,56,La Esperanza,Origen-Destino,6E,Directa Centro,Cootranscol,131485,1755182463247,,,,,1755182463247
90064,246ii,Blanquizal integrada,Destino-Origen,2A,Integrada,Cootransblan,110052,1755182463247,,,,,1755182463247
90068,250iVF,Villa Flora integrada,Origen-Destino,2A,Integrada,Palenque Robledal,110282,1755182463247,,,,,1755182463247
90068,250iVF,Villa Flora integrada,Destino-Origen,2A,Integrada,Palenque Robledal,110282,1755182463247,,,,,1755182463247
90291,200,Barrio Cristóbal-Oriental,Origen-Destino,8A,Directa Centro,Conducciones América,112215,1755182463247,,,,,1755182463247
90069,250iR,Robledal integrada,Origen-Destino,2A,Integrada,Palenque Robledal,110262,1755182463247,,,,,1755182463247
90013,309,Ruta de la Salud izquierda,Origen-Destino,"Circular 304, 305, 308, 308D, 309, 309D",Circular,Coinvetrans,112557,1755182463247,,,,,1755182463247
90075,252,Kennedy,Origen-Destino,2A,Directa Centro,Palenque Robledal,110325,1755182463247,,,,,1755182463247
90066,250Aii,Tulipanes La Huerta integrada,Destino-Origen,2A,Integrada,Palenque Robledal,110252,1755182463247,,,,,1755182463247
90102,255V,Vereda La Suiza-La Frisola-La Guayabala-La Volcana,Origen-Destino,2A,Directa No Centro,Rápido San Cristóbal,112816,1755182463247,,,,,1755182463247
90076,253D,Aures derecha,Origen-Destino,2A,Directa Centro,Palenque Robledal,110345,1755182463247,,,,,1755182463247
90228,080 V-O,Villa Hermosa - La Mansión-Directa Oriental,Destino-Origen,6D,Directa Centro,Flota Nueva Villa,111415,1755182463247,,,,,1755182463247
90316,228i,Conquistadores,Origen-Destino,8A,Integrada,Metrosan,112002,1755182463247,,,,,1755182463247
90229,81,Villa Hermosa - Derecho,Origen-Destino,6D,Directa Centro,Flota Nueva Villa,111425,1755182463247,,,,,1755182463247
90077,253I,Aures izquierda,Origen-Destino,2A,Directa Centro,Palenque Robledal,110335,1755182463247,,,,,1755182463247
90072,250M,Moravia,Destino-Origen,2A,Integrada,Palenque Robledal,110272,1755182463247,,,,,1755182463247
90184,102D,Ávila-Iglesia Cataluña,Origen-Destino,6A,Directa Centro,Cootranscataluña,112885,1755182463247,,,,,1755182463247
90078,253iA,Robledo Aures integrada,Origen-Destino,2A,Integrada,Palenque Robledal,110292,1755182463247,,,,,1755182463247
90239,87,Pinar Torres,Origen-Destino,6F,Directa Centro,Cootranspinal,111525,1755182463247,,,,,1755182463247
90317,240,Floresta Estadio-Oriental,Destino-Origen,8A,Directa Centro,Conducciones América,112345,1755182463247,,,,,1755182463247
90079,253iAR,Robledo Aures integrada Ramal,Origen-Destino,2A,Integrada,Palenque Robledal,110302,1755182463247,,,,,1755182463247
90087,255V1,Vereda El Llano - Parque San Cristóbal,Origen-Destino,2A,Directa No Centro,Rápido San Cristóbal,110156,1755182463247,,,,,1755182463247
90094,260CL,Clínica,Origen-Destino,2A,Directa Centro,Palenque Robledal,110365,1755182463247,,,,,1755182463247
90095,260C,Córdoba,Origen-Destino,2A,Directa Centro,Palenque Robledal,110355,1755182463247,,,,,1755182463247
90187,102A,Pablo Escobar-Cataluña,Origen-Destino,6A,Directa No Centro,Cootranscataluña,111136,1755182463247,,,,,1755182463247
90322,243i,Floresta,Destino-Origen,8A,Integrada,Coonatra,112172,1755182463247,,,,,1755182463247
90096,260i,Seminario integrada,Origen-Destino,2A,Integrada,Palenque Robledal,110392,1755182463247,,,,,1755182463247
90097,260BR,Brisas,Origen-Destino,2A,Directa Centro,Palenque Robledal,110385,1755182463247,,,,,1755182463247
90188,110,La Milagrosa,Origen-Destino,6A,Directa No Centro,Flota la Milagrosa,111146,1755182463247,,,,,1755182463247
90098,260T,Torres,Origen-Destino,2A,Directa Centro,Palenque Robledal,110375,1755182463247,,,,,1755182463247
90099,267,Éxito,Destino-Origen,2A,Directa Centro,Palenque Robledal,110405,1755182463247,,,,,1755182463247
90104,261A,Alfonso López - Viejo Terminal,Origen-Destino,2B,Directa Centro,Transporte Medellín Castilla,110575,1755182463247,,,,,1755182463247
90106,254iB_TV 73,Pilarica,Origen-Destino,2B,Integrada,Transporte Medellín Castilla,110782,1755182463247,,,,,1755182463247
90107,261,Alfonso López Calle 94,Origen-Destino,2B,Directa Centro,Transporte Medellín Castilla,120565,1755182463247,,,,,1755182463247
90188,110,La Milagrosa,Destino-Origen,6A,Directa No Centro,Flota la Milagrosa,111146,1755182463247,,,,,1755182463247
90109,261i Izq,Izquierda Castilla - Estación Universidad,Destino-Origen,2B,Integrada,Transporte Medellín Castilla,120692,1755182463247,,,,,1755182463247
90110,261ii,Estación Tricentenario,Origen-Destino,2B,Integrada,Transporte Medellín Castilla,110732,1755182463247,,,,,1755182463247
90111,263,12 de Octubre - Calle 90,Origen-Destino,2B,Directa Centro,Transporte Medellín Castilla,110585,1755182463247,,,,,1755182463247
90197,113B,Ávila,Destino-Origen,6A,Directa Centro,Flota la Milagrosa,111165,1755182463247,,,,,1755182463247
90198,113M,Pablo E.,Origen-Destino,6A,Directa Centro,Flota la Milagrosa,111186,1755182463247,,,,,1755182463247
90116,270i,Gratamira-Estación Acevedo,Origen-Destino,2B,Integrada,Transporte Medellín Castilla,110742,1755182463247,,,,,1755182463247
90117,280,Santander - Carrera 73,Origen-Destino,2B,Directa Centro,Transporte Medellín Castilla,110605,1755182463247,,,,,1755182463247
90128,Anillo 1 Carrera 65,Carabobo - Av. de Greiff,Origen-Destino,2B,Directa Centro,Transporte Medellín Castilla,110505,1755182463247,,,,,1755182463247
90118,280 Directa,Santander - Carrera 73,Origen-Destino,2B,Directa Centro,Transporte Medellín Castilla,110615,1755182463247,,,,,1755182463247
90179,97,Quintalinda-El Vergel,Destino-Origen,6A,Directa No Centro,Flota la V,111106,1755182463247,,,,,1755182463247
90235,56,La Esperanza,Destino-Origen,6E,Directa Centro,Cootranscol,131485,1755182463247,,,,,1755182463247
90132,Anillo F1 Carrera 65,Av. Greiff - Puente Horacio Toro,Origen-Destino,2B,Directa Centro,Transporte Medellín Castilla,110535,1755182463247,,,,,1755182463247
90119,281,Florencia,Origen-Destino,2B,Directa Centro,Transporte Medellín Castilla,110625,1755182463247,,,,,1755182463247
90122,283i,Florencia-estación Acevedo,Origen-Destino,2B,Integrada,Transporte Medellín Castilla,110752,1755182463247,,,,,1755182463247
90124,289,Pilarica Calle 96,Origen-Destino,2B,Directa Centro,Transporte Medellín Castilla,110655,1755182463247,,,,,1755182463247
90125,306A,Izquierda - Circular Noroccidental,Destino-Origen,2B,Integrada,Transporte Medellín Castilla,110762,1755182463247,,,,,1755182463247
90126,306B,Derecha - Circular Noroccidental,Origen-Destino,2B,Integrada,Transporte Medellín Castilla,110772,1755182463247,,,,,1755182463247
90071,250AH,La Huerta,Destino-Origen,2A,Directa Centro,Palenque Robledal,110225,1755182463247,,,,,1755182463247
90093,255A,Las Flores-Moravia-Centro,Origen-Destino,2A,Directa Centro,Rápido San Cristóbal,110075,1755182463247,,,,,1755182463247
90299,203 Belencito,Belencito-Corazón-Oriental,Destino-Origen,8A,Directa Centro,Conducciones América,112265,1755182463247,,,,,1755182463247
90369,301 DIR-80,Circular,Origen-Destino,"Circular Coonatra 300, 301, 310, 311",Circular,Coonatra,113067,1755182463247,,,,,1755182463247
90180,99,Cerros de Quintalinda,Origen-Destino,6A,Directa Centro,Coopcerquin,111115,1755182463247,,,,,1755182463247
90129,Anillo 3AH Carrera 65,Alpujarra - Oriental sentido antihorario,Origen-Destino,2B,Directa Centro,Transporte Medellín Castilla,110525,1755182463247,,,,,1755182463247
90130,Anillo 3H Carrera 65,Alpujarra - Oriental sentido horario,Origen-Destino,2B,Directa Centro,Transporte Medellín Castilla,110515,1755182463247,,,,,1755182463247
90093,255A,Las Flores-Moravia-Centro,Destino-Origen,2A,Directa Centro,Rápido San Cristóbal,110075,1755182463247,,,,,1755182463247
90131,Anillo 3H Carrera 65 Horario Esp,Alpujarra - Oriental sentido horario,Origen-Destino,2B,Directa Centro,Transporte Medellín Castilla,112845,1755182463247,,,,,1755182463247
90133,Anillo F2 Carrera 65,Av. Regional - San Diego,Origen-Destino,2B,Directa Centro,Transporte Medellín Castilla,110545,1755182463247,,,,,1755182463247
90251,105,Golondrinas horario nocturno,Origen-Destino,6F,Directa Centro,Cootransmallat,112935,1755182463247,,,,,1755182463247
90134,Anillo F3 Carrera 65,Parque Los Periodistas,Origen-Destino,2B,Directa Centro,Transporte Medellín Castilla,110555,1755182463247,,,,,1755182463247
90135,Anillo 1 Carrera 73,Carabobo - Av. Greiff,Origen-Destino,2B,Directa Centro,Transporte Medellín Castilla,110445,1755182463247,,,,,1755182463247
90136,Anillo 2 Carrera 73,El Hueco - Parque Berrío,Origen-Destino,2B,Directa Centro,Transporte Medellín Castilla,110455,1755182463247,,,,,1755182463247
90137,Anillo 3ah Carrera 73,Alpujarra - Oriental sentido antihorario,Origen-Destino,2B,Directa Centro,Transporte Medellín Castilla,110475,1755182463247,,,,,1755182463247
90140,Anillo F3 Carrera 73,Parque Los Periodistas,Origen-Destino,2B,Directa Centro,Transporte Medellín Castilla,110495,1755182463247,,,,,1755182463247
90172,287,Terminal de Transporte Norte,Origen-Destino,5A,Directa Centro,Autobuses Poblado Laureles,110945,1755182463247,,,,,1755182463247
90074,251,Margaritas,Destino-Origen,2A,Directa Centro,Palenque Robledal,110315,1755182463247,,,,,1755182463247
90140,Anillo F3 Carrera 73,Parque Los Periodistas,Destino-Origen,2B,Directa Centro,Transporte Medellín Castilla,110495,1755182463247,,,,,1755182463247
90141,170,Belén Las Playas,Origen-Destino,3A,Directa Centro,Cootrabel,110795,1755182463247,,,,,1755182463247
90176,97,Cauces-Quintalinda,Destino-Origen,6A,Directa Centro,Flota la V,112865,1755182463247,,,,,1755182463247
90141,170,Belén Las Playas,Destino-Origen,3A,Directa Centro,Cootrabel,110795,1755182463247,,,,,1755182463247
90183,102,Ávila-Iglesia Cataluña,Destino-Origen,6A,Directa Centro,Cootranscataluña,111126,1755182463247,,,,,1755182463247
90173,96,Buenos Aires,Destino-Origen,6A,Directa Centro,Flota la V,111085,1755182463247,,,,,1755182463247
90174,096 Horario Esp,Buenos Aires,Destino-Origen,6A,Directa Centro,Flota la V,112855,1755182463247,,,,,1755182463247
90175,97,Cauces-Quintalinda,Origen-Destino,6A,Directa Centro,Flota la V,111095,1755182463247,,,,,1755182463247
90175,97,Cauces-Quintalinda,Destino-Origen,6A,Directa Centro,Flota la V,111095,1755182463247,,,,,1755182463247
90176,97,Cauces-Quintalinda,Origen-Destino,6A,Directa Centro,Flota la V,112865,1755182463247,,,,,1755182463247
90179,97,Quintalinda-El Vergel,Origen-Destino,6A,Directa No Centro,Flota la V,111106,1755182463247,,,,,1755182463247
90180,99,Cerros de Quintalinda,Destino-Origen,6A,Directa Centro,Coopcerquin,111115,1755182463247,,,,,1755182463247
90181,099 Horario Esp,Cerros de Quintalinda,Origen-Destino,6A,Directa Centro,Coopcerquin,112875,1755182463247,,,,,1755182463247
90183,102,Ávila-Iglesia Cataluña,Origen-Destino,6A,Directa Centro,Cootranscataluña,111126,1755182463247,,,,,1755182463247
90191,111,El Salvador derecho,Origen-Destino,6A,Directa Centro,Flota la Milagrosa,112895,1755182463247,,,,,1755182463247
90191,111,El Salvador derecho,Destino-Origen,6A,Directa Centro,Flota la Milagrosa,112895,1755182463247,,,,,1755182463247
90217,37 - 39,Hueco,Destino-Origen,6C,Directa Centro,Autocol,121375,1755182463247,,,,,1755182463247
90193,111,El Salvador,Origen-Destino,6A,Directa Centro,Flota la Milagrosa,111155,1755182463247,,,,,1755182463247
90193,111,El Salvador,Destino-Origen,6A,Directa Centro,Flota la Milagrosa,111155,1755182463247,,,,,1755182463247
90197,113B,Ávila,Origen-Destino,6A,Directa Centro,Flota la Milagrosa,111165,1755182463247,,,,,1755182463247
90250,105,Golondrinas horario especial,Destino-Origen,6F,Directa Centro,Cootransmallat,112925,1755182463247,,,,,1755182463247
90199,113,Ávila - Cataluña,Origen-Destino,6A,Directa Centro,Flota la Milagrosa,111176,1755182463247,,,,,1755182463247
90224,51-52 CV-SD,Campo Valdés San Diego,Destino-Origen,6C,Directa Centro,Expreso Campo Valdés,121345,1755182463247,,,,,1755182463247
90199,113,Ávila - Cataluña,Destino-Origen,6A,Directa Centro,Flota la Milagrosa,111176,1755182463247,,,,,1755182463247
90318,242,La Divisa,Destino-Origen,8A,Directa Centro,Coonatra,112135,1755182463247,,,,,1755182463247
90319,242,La Quiebra,Destino-Origen,8A,Directa Centro,Coonatra,112145,1755182463247,,,,,1755182463247
90320,243,La Divisa,Destino-Origen,8A,Directa Centro,Coonatra,112155,1755182463247,,,,,1755182463247
90321,243,La Quiebra,Destino-Origen,8A,Directa Centro,Coonatra,112165,1755182463247,,,,,1755182463247
90202,6,La Francia,Origen-Destino,6B,Directa Centro,Transconor,111215,1755182463247,,,,,1755182463247
90203,22,Santa Cruz - Terminal,Origen-Destino,6B,Directa Centro,Transporte Aranjuez Santa Cruz,111225,1755182463247,,,,,1755182463247
90228,080 V-O,Villa Hermosa - La Mansión-Directa Oriental,Origen-Destino,6D,Directa Centro,Flota Nueva Villa,111415,1755182463247,,,,,1755182463247
90205,23,Popular N° 1,Origen-Destino,6B,Directa Centro,Transporte Aranjuez Santa Cruz,111235,1755182463247,,,,,1755182463247
90220,51-52 CV-C,Campo Valdés Centro,Origen-Destino,6C,Directa Centro,Expreso Campo Valdés,121325,1755182463247,,,,,1755182463247
90206,24,Playón de los Comuneros,Origen-Destino,6B,Directa Centro,Transporte Aranjuez Santa Cruz,111245,1755182463247,,,,,1755182463247
90220,51-52 CV-C,Campo Valdés Centro,Destino-Origen,6C,Directa Centro,Expreso Campo Valdés,121325,1755182463247,,,,,1755182463247
90207,24,Playón de los Comuneros - Oriental,Origen-Destino,6B,Directa Centro,Transporte Aranjuez Santa Cruz,111255,1755182463247,,,,,1755182463247
90222,51-52 CV-F,Campo Valdés Ferrocarril,Origen-Destino,6C,Directa Centro,Expreso Campo Valdés,121355,1755182463247,,,,,1755182463247
90211,42,Aranjuez intermedia,Origen-Destino,6B,Directa Centro,Transporte Aranjuez Santa Cruz,111285,1755182463247,,,,,1755182463247
90222,51-52 CV-F,Campo Valdés Ferrocarril,Destino-Origen,6C,Directa Centro,Expreso Campo Valdés,121355,1755182463247,,,,,1755182463247
90236,57,Bello Oriente,Origen-Destino,6E,Directa Centro,Coopetransa,121495,1755182463247,,,,,1755182463247
90255,106,Tres Esquinas - Minorista,Destino-Origen,6F,Directa Centro,Cootransmallat,111656,1755182463247,,,,,1755182463247
90212,031 P-C,Popular Centro,Origen-Destino,6C,Directa Centro,Expreso Campo Valdés,121305,1755182463247,,,,,1755182463247
90212,031 P-C,Popular Centro,Destino-Origen,6C,Directa Centro,Expreso Campo Valdés,121305,1755182463247,,,,,1755182463247
90108,261i Der,Derecha Castilla - Estación Universidad,Origen-Destino,2B,Integrada,Transporte Medellín Castilla,120702,1755182463247,,,,,1755182463247
90214,031 P-F,Popular Ferrocarril,Origen-Destino,6C,Directa Centro,Expreso Campo Valdés,121315,1755182463247,,,,,1755182463247
90173,96,Buenos Aires,Origen-Destino,6A,Directa Centro,Flota la V,111085,1755182463247,,,,,1755182463247
90174,096 Horario Esp,Buenos Aires,Origen-Destino,6A,Directa Centro,Flota la V,112855,1755182463247,,,,,1755182463247
90214,031 P-F,Popular Ferrocarril,Destino-Origen,6C,Directa Centro,Expreso Campo Valdés,121315,1755182463247,,,,,1755182463247
90109,261i Izq,Izquierda Castilla - Estación Universidad,Origen-Destino,2B,Integrada,Transporte Medellín Castilla,120692,1755182463247,,,,,1755182463247
90099,267,Éxito,Origen-Destino,2A,Directa Centro,Palenque Robledal,110405,1755182463247,,,,,1755182463247
90103,255V,Vereda La Aldea,Origen-Destino,2A,Directa No Centro,Rápido San Cristóbal,112826,1755182463247,,,,,1755182463247
90124,289,Pilarica Calle 96,Destino-Origen,2B,Directa Centro,Transporte Medellín Castilla,110655,1755182463247,,,,,1755182463247
90218,37 - 39,Ferrocarril Minorista,Origen-Destino,6C,Directa Centro,Autocol,121385,1755182463247,,,,,1755182463247
90215,031 P-SD,Popular Centro San Diego,Origen-Destino,6C,Directa Centro,Expreso Campo Valdés,121295,1755182463247,,,,,1755182463247
90250,105,Golondrinas horario especial,Origen-Destino,6F,Directa Centro,Cootransmallat,112925,1755182463247,,,,,1755182463247
90218,37 - 39,Ferrocarril Minorista,Destino-Origen,6C,Directa Centro,Autocol,121385,1755182463247,,,,,1755182463247
90215,031 P-SD,Popular Centro San Diego,Destino-Origen,6C,Directa Centro,Expreso Campo Valdés,121295,1755182463247,,,,,1755182463247
90003,302,Circular Antihorario 302,Destino-Origen,Circular Izquierda 302,Circular,Autobuses Poblado Laureles,132417,1755182463247,,,,,1755182463247
90217,37 - 39,Hueco,Origen-Destino,6C,Directa Centro,Autocol,121375,1755182463247,,,,,1755182463247
90219,37 - 39,Villanueva,Origen-Destino,6C,Directa Centro,Autocol,121365,1755182463247,,,,,1755182463247
90219,37 - 39,Villanueva,Destino-Origen,6C,Directa Centro,Autocol,121365,1755182463247,,,,,1755182463247
90226,080 V-33,Villa Hermosa - La Mansión-Directa La 33,Origen-Destino,6D,Directa Centro,Flota Nueva Villa,111405,1755182463247,,,,,1755182463247
90226,080 V-33,Villa Hermosa - La Mansión-Directa La 33,Destino-Origen,6D,Directa Centro,Flota Nueva Villa,111405,1755182463247,,,,,1755182463247
90227,080 V-M,Villa Hermosa - La Mansión,Origen-Destino,6D,Directa Centro,Flota Nueva Villa,111395,1755182463247,,,,,1755182463247
90227,080 V-M,Villa Hermosa - La Mansión,Destino-Origen,6D,Directa Centro,Flota Nueva Villa,111395,1755182463247,,,,,1755182463247
90195,112,Las Palmas,Origen-Destino,6A,Directa Centro,Copatra,111196,1755182463247,,,,,1755182463247
90230,082 V-LA,Villa Hermosa - Los Ángeles,Origen-Destino,6D,Directa Centro,Flota Nueva Villa,111435,1755182463247,,,,,1755182463247
90230,082 V-LA,Villa Hermosa - Los Ángeles,Destino-Origen,6D,Directa Centro,Flota Nueva Villa,111435,1755182463247,,,,,1755182463247
90232,085,La Honda,Origen-Destino,6D,Directa Centro,Cootracovi,111455,1755182463247,,,,,1755182463247
90328,C23i IZQUIERA,San Cristóbal-estación San Javier,Origen-Destino,8A,Integrada,Tax Maya,112062,1755182463247,,,,,1755182463247
90232,085,La Honda,Destino-Origen,6D,Directa Centro,Cootracovi,111455,1755182463247,,,,,1755182463247
90275,103,Sierra Minorista,Origen-Destino,6H,Directa Centro,Cootransi,111845,1755182463247,,,,,1755182463247
90237,60,Santo Domingo,Origen-Destino,6E,Directa Centro,Cootranscol,131505,1755182463247,,,,,1755182463247
90238,069,El Jardín,Origen-Destino,6E,Directa Centro,Coopetransa,111515,1755182463247,,,,,1755182463247
90240,087 Horario Esp,Pinar Torres horario esp,Origen-Destino,6F,Directa Centro,Cootranspinal,112905,1755182463247,,,,,1755182463247
90242,90,Pinal,Origen-Destino,6F,Directa Centro,Copatra,111545,1755182463247,,,,,1755182463247
90242,90,Pinal,Destino-Origen,6F,Directa Centro,Copatra,111545,1755182463247,,,,,1755182463247
90243,91,Alcázares de Sucre,Origen-Destino,6F,Directa Centro,Copatra,112915,1755182463247,,,,,1755182463247
90254,106,Tres Esquinas,Origen-Destino,6F,Directa Centro,Cootransmallat,111646,1755182463247,,,,,1755182463247
90243,91,Alcázares de Sucre,Destino-Origen,6F,Directa Centro,Copatra,112915,1755182463247,,,,,1755182463247
90244,91,Llanadas,Origen-Destino,6F,Directa Centro,Copatra,111565,1755182463247,,,,,1755182463247
90244,91,Llanadas,Destino-Origen,6F,Directa Centro,Copatra,111565,1755182463247,,,,,1755182463247
90247,105,Golondrinas,Origen-Destino,6F,Directa Centro,Cootransmallat,111606,1755182463247,,,,,1755182463247
90249,105,Golondrinas - Minorista,Origen-Destino,6F,Directa Centro,Cootransmallat,111616,1755182463247,,,,,1755182463247
90306,223,San Javier La Loma-Minorista,Origen-Destino,8A,Directa Centro,Conducciones América,112335,1755182463247,,,,,1755182463247
90294,201B,Corazón-Plaza Minorista,Origen-Destino,8A,Directa Centro,Conducciones América,112225,1755182463247,,,,,1755182463247
90266,93,Caicedo La Toma,Origen-Destino,6H,Directa Centro,Copatra,111755,1755182463247,,,,,1755182463247
90267,93,Caicedo,Origen-Destino,6H,Directa Centro,Copatra,111765,1755182463247,,,,,1755182463247
90323,243iD,Floresta Directa,Origen-Destino,8A,Integrada,Coonatra,112182,1755182463247,,,,,1755182463247
90278,107,Perlas,Origen-Destino,6H,Directa Centro,Cootransvi,111875,1755182463247,,,,,1755182463247
90306,223,San Javier La Loma-Minorista,Destino-Origen,8A,Directa Centro,Conducciones América,112335,1755182463247,,,,,1755182463247
90268,93,Caicedo La Toma Minorista,Origen-Destino,6H,Directa Centro,Copatra,111775,1755182463247,,,,,1755182463247
90311,227i-1,Quintas,Origen-Destino,8A,Integrada,Metrosan,111982,1755182463247,,,,,1755182463247
90307,225i-1,20 de Julio,Destino-Origen,8A,Integrada,Metrosan,111912,1755182463247,,,,,1755182463247
90269,94,Santa Lucía,Origen-Destino,6H,Directa Centro,Copatra,111785,1755182463247,,,,,1755182463247
90294,201B,Corazón-Plaza Minorista,Destino-Origen,8A,Directa Centro,Conducciones América,112225,1755182463247,,,,,1755182463247
90269,94,Santa Lucía,Destino-Origen,6H,Directa Centro,Copatra,111785,1755182463247,,,,,1755182463247
90270,95,Perlas,Origen-Destino,6H,Directa Centro,Copatra,111795,1755182463247,,,,,1755182463247
90326,C23_Alterna,San Cristóbal-La Asomadera-Centro,Origen-Destino,8A,Directa Centro,Tax Maya,112055,1755182463247,,,,,1755182463247
90326,C23_Alterna,San Cristóbal-La Asomadera-Centro,Destino-Origen,8A,Directa Centro,Tax Maya,112055,1755182463247,,,,,1755182463247
90327,C23,San Cristóbal-San Javier-La Loma-Centro,Origen-Destino,8A,Directa Centro,Tax Maya,112045,1755182463247,,,,,1755182463247
90327,C23,San Cristóbal-San Javier-La Loma-Centro,Destino-Origen,8A,Directa Centro,Tax Maya,112045,1755182463247,,,,,1755182463247
90324,311i,Santa Lucia,Origen-Destino,8A,Integrada,Coonatra,112192,1755182463247,,,,,1755182463247
90365,250VF_C,Villa Flora-Curazao,Destino-Origen,2A,Directa Centro,Palenque Robledal,113105,1755182463247,,,,,1755182463247
90271,95,Perlas Minorista,Origen-Destino,6H,Directa Centro,Copatra,111805,1755182463247,,,,,1755182463247
90272,95,Villatina,Origen-Destino,6H,Directa Centro,Copatra,111815,1755182463247,,,,,1755182463247
90325,311ii,Santa Lucia Directa,Origen-Destino,8A,Integrada,Coonatra,112202,1755182463247,,,,,1755182463247
90273,95,Villatina Minorista,Origen-Destino,6H,Directa Centro,Copatra,111825,1755182463247,,,,,1755182463247
90279,107,San Antonio-Minorista,Origen-Destino,6H,Directa Centro,Cootransvi,111895,1755182463247,,,,,1755182463247
90280,107,Ratón Pelao,Origen-Destino,6H,Directa Centro,Cootransvi,111905,1755182463247,,,,,1755182463247
90287,193ii,Estadio-Laureles Santa Teresita,Origen-Destino,8A,Integrada,Autobuses Poblado Laureles,112402,1755182463247,,,,,1755182463247
90281,107,San Antonio,Origen-Destino,6H,Directa Centro,Cootransvi,111885,1755182463247,,,,,1755182463247
90289,195i,Simón Bolívar-Unicentro-estación Santa Lucía,Origen-Destino,8A,Integrada,Tax Maya,112022,1755182463247,,,,,1755182463247
90369,301 DIR-80,Circular,Destino-Origen,"Circular Coonatra 300, 301, 310, 311",Circular,Coonatra,113067,1755182463247,,,,,1755182463247
90282,190,Laureles Parque,Origen-Destino,8A,Directa Centro,Autobuses Poblado Laureles,112355,1755182463247,,,,,1755182463247
90113,263i,12 de Octubre - Estación Tricentenario,Origen-Destino,2B,Integrada,Transporte Medellín Castilla,110712,1755182463247,,,,,1755182463247
90283,191,Laureles Éxito,Origen-Destino,8A,Directa Centro,Autobuses Poblado Laureles,112365,1755182463247,,,,,1755182463247
90187,102A,Pablo Escobar-Cataluña,Destino-Origen,6A,Directa No Centro,Cootranscataluña,111136,1755182463247,,,,,1755182463247
90371,254iB_TV 75,Pilarica,Destino-Origen,2B,Integrada,Transporte Medellín Castilla,,1755182463247,,,,,1755182463247
90113,263i,12 de Octubre - Estación Tricentenario,Destino-Origen,2B,Integrada,Transporte Medellín Castilla,110712,1755182463247,,,,,1755182463247
90114,263ii,12 de Octubre - Estación Tricentenario,Origen-Destino,2B,Integrada,Transporte Medellín Castilla,110722,1755182463247,,,,,1755182463247
90114,263ii,12 de Octubre - Estación Tricentenario,Destino-Origen,2B,Integrada,Transporte Medellín Castilla,110722,1755182463247,,,,,1755182463247
90115,265,Castillita,Origen-Destino,2B,Directa Centro,Transporte Medellín Castilla,110595,1755182463247,,,,,1755182463247
90283,191,Laureles Éxito,Destino-Origen,8A,Directa Centro,Autobuses Poblado Laureles,112365,1755182463247,,,,,1755182463247
90284,192,Laureles Nogal # 1,Origen-Destino,8A,Directa Centro,Autobuses Poblado Laureles,112375,1755182463247,,,,,1755182463247
90375,024 Barrial,Playon de los Comuneros_Barrial,Destino-Origen,6B,Directa No Centro,,,1755182463247,,,,,1755182463247
90285,193,Laureles Nogal # 2,Origen-Destino,8A,Directa Centro,Autobuses Poblado Laureles,112385,1755182463247,,,,,1755182463247
90343,111,El Salvador Barrio Nacional,Origen-Destino,6A,Directa Centro,Flota la Milagrosa,113015,1755182463247,,,,,1755182463247
90286,193i,Estadio-Bolivariana-Laureles,Origen-Destino,8A,Integrada,Autobuses Poblado Laureles,112392,1755182463247,,,,,1755182463247
90073,250AP,Pajarito,Origen-Destino,2A,Directa Centro,Palenque Robledal,110235,1755182463247,,,,,1755182463247
90080,254,Picacho,Origen-Destino,2A,Directa Centro,Transporte Medellín Castilla,110425,1755182463247,,,,,1755182463247
90288,195,Simón Bolívar-Unicentro-Centro,Origen-Destino,8A,Directa Centro,Tax Maya,112015,1755182463247,,,,,1755182463247
90361,311iiR,Rosales,Destino-Origen,8A,Integrada,Coonatra,113092,1755182463247,,,,,1755182463247
90290,195ii,Laureles Campestre-estación Santa Lucía - estación Floresta,Origen-Destino,8A,Integrada,Tax Maya,112032,1755182463247,,,,,1755182463247
90073,250AP,Pajarito,Destino-Origen,2A,Directa Centro,Palenque Robledal,110235,1755182463247,,,,,1755182463247
90291,200,Barrio Cristóbal-Oriental,Destino-Origen,8A,Directa Centro,Conducciones América,112215,1755182463247,,,,,1755182463247
90351,255i,El Llano,Origen-Destino,2A,Integrada,Rápido San Cristóbal,113002,1755182463247,,,,,1755182463247
90355,C23i DERECHA,San Cristóbal-estación San Javier,Destino-Origen,8A,Integrada,Tax Maya,113042,1755182463247,,,,,1755182463247
90292,201,Éxito Corazón,Origen-Destino,8A,Directa Centro,Conducciones América,112955,1755182463247,,,,,1755182463247
90308,225i-2,Colinas,Origen-Destino,8A,Integrada,Metrosan,111922,1755182463247,,,,,1755182463247
90302,221A,San Javier Derecho-La Caseta-Oriental,Destino-Origen,8A,Directa Centro,Conducciones América,112285,1755182463247,,,,,1755182463247
90293,201,Éxito Corazón,Origen-Destino,8A,Directa Centro,Conducciones América,112965,1755182463247,,,,,1755182463247
90296,201i,Los Tanques-El Volcán-El Corazón-San Javier,Origen-Destino,8A,Integrada,Conducciones América,112232,1755182463247,,,,,1755182463247
90309,226i,Salado,Origen-Destino,8A,Integrada,Metrosan,111942,1755182463247,,,,,1755182463247
90310,226i-D,Depósito,Origen-Destino,8A,Integrada,Metrosan,111932,1755182463247,,,,,1755182463247
90297,202,Santa Mónica-Oriental,Origen-Destino,8A,Directa Centro,Conducciones América,112245,1755182463247,,,,,1755182463247
90370,082 V-LA PILOTO,Villa Hermosa-Los Angeles-Hospital la Piloto,Origen-Destino,6D,Directa Centro,Flota Nueva Villa,,1755182463247,,,,,1755182463247
90298,202i,El Morro-Travesías-Corazón-Santa Lucía,Origen-Destino,8A,Integrada,Conducciones América,112252,1755182463247,,,,,1755182463247
90299,203 Belencito,Belencito-Corazón-Oriental,Origen-Destino,8A,Directa Centro,Conducciones América,112265,1755182463247,,,,,1755182463247
90374,172-178 FUSION,Belen la Gloria,Destino-Origen,3A,Directa Centro,Cootrabel,,1755182463247,,,,,1755182463247
90257,98 Directa 1,Santa Elena-Mazo-Las Brisas-Medellín,Origen-Destino,6G,Directa No Centro,Transacoop,111666,1755182463247,,,,,1755182463247
90257,98 Directa 1,Santa Elena-Mazo-Las Brisas-Medellín,Destino-Origen,6G,Directa No Centro,Transacoop,111666,1755182463247,,,,,1755182463247
90258,98 Directa 2,Santa Elena-Barro Blanco-Las Brisas-Medellín,Origen-Destino,6G,Directa No Centro,Transacoop,111676,1755182463247,,,,,1755182463247
90258,98 Directa 2,Santa Elena-Barro Blanco-Las Brisas-Medellín,Destino-Origen,6G,Directa No Centro,Transacoop,111676,1755182463247,,,,,1755182463247
90259,98 Directa 3,Santa Elena-Las Brisas-Medellín,Origen-Destino,6G,Directa No Centro,Transacoop,111686,1755182463247,,,,,1755182463247
90260,98 Directa 4,Santa Elena-Perico-Las Brisas-Medellín,Origen-Destino,6G,Directa No Centro,Transacoop,111696,1755182463247,,,,,1755182463247
90261,98 Directa 5,Santa Elena-El Plan-Las Brisas-Medellín,Origen-Destino,6G,Directa No Centro,Transacoop,111706,1755182463247,,,,,1755182463247
90262,98 Directa 6,Santa Elena-Piedras Blancas-Medellín,Origen-Destino,6G,Directa No Centro,Transacoop,111716,1755182463247,,,,,1755182463247
90262,98 Directa 6,Santa Elena-Piedras Blancas-Medellín,Destino-Origen,6G,Directa No Centro,Transacoop,111716,1755182463247,,,,,1755182463247
90263,98 Directa 7,Santa Elena-Barro Blanco-Medellín,Origen-Destino,6G,Directa No Centro,Transacoop,111726,1755182463247,,,,,1755182463247
90263,98 Directa 7,Santa Elena-Barro Blanco-Medellín,Destino-Origen,6G,Directa No Centro,Transacoop,111726,1755182463247,,,,,1755182463247
90264,98 Directa 8,Santa Elena-El Cerro-Las Brisas-Medellín,Origen-Destino,6G,Directa No Centro,Transacoop,111736,1755182463247,,,,,1755182463247
90264,98 Directa 8,Santa Elena-El Cerro-Las Brisas-Medellín,Destino-Origen,6G,Directa No Centro,Transacoop,111736,1755182463247,,,,,1755182463247
90265,98 Directa 9,Santa Elena-Piedras Blancas-Las Brisas-Medellín,Origen-Destino,6G,Directa No Centro,Transacoop,111746,1755182463247,,,,,1755182463247
90261,98 Directa 5,Santa Elena-El Plan-Las Brisas-Medellín,Destino-Origen,6G,Directa No Centro,Transacoop,111706,1755182463247,,,,,1755182463247
90251,105,Golondrinas horario nocturno,Destino-Origen,6F,Directa Centro,Cootransmallat,112935,1755182463247,,,,,1755182463247
90300,203 Corazón,Corazón-Oriental,Origen-Destino,8A,Directa Centro,Conducciones América,112275,1755182463247,,,,,1755182463247
90301,220,San Javier-Eduardo Santos-Oriental,Destino-Origen,8A,Directa Centro,Conducciones América,112305,1755182463247,,,,,1755182463247
90198,113M,Pablo E.,Destino-Origen,6A,Directa Centro,Flota la Milagrosa,111186,1755182463247,,,,,1755182463247
90302,221A,San Javier Derecho-La Caseta-Oriental,Origen-Destino,8A,Directa Centro,Conducciones América,112285,1755182463247,,,,,1755182463247
90312,227i-A,Peñitas,Origen-Destino,8A,Integrada,Metrosan,111962,1755182463247,,,,,1755182463247
90303,221B,San Javier Derecho-Cuatro Esquinas-Oriental,Origen-Destino,8A,Directa Centro,Conducciones América,112295,1755182463247,,,,,1755182463247
90304,221i,Villa Laura-San Javier,Origen-Destino,8A,Integrada,Conducciones América,112312,1755182463247,,,,,1755182463247
90305,222,San Javier Niza - Oriental,Origen-Destino,8A,Directa Centro,Conducciones América,112325,1755182463247,,,,,1755182463247
90305,222,San Javier Niza - Oriental,Destino-Origen,8A,Directa Centro,Conducciones América,112325,1755182463247,,,,,1755182463247
90001,303,Circular Horario 303,Origen-Destino,Circular Derecha 303,Circular,Coonatra,142427,1755182463247,,,,,1755182463247
90307,225i-1,20 de Julio,Origen-Destino,8A,Integrada,Metrosan,111912,1755182463247,,,,,1755182463247
90317,240,Floresta Estadio-Oriental,Origen-Destino,8A,Directa Centro,Conducciones América,112345,1755182463247,,,,,1755182463247
90010,305,Comercial Hotelera izquierda,Destino-Origen,"Circular 304, 305, 308, 308D, 309, 309D",Circular,Invetrans,112527,1755182463247,,,,,1755182463247
90015,315,Circular 315,Origen-Destino,Circular 315 Y 316,Circular,Santra,112497,1755182463247,,,,,1755182463247
90086,255P,Palmitas-Centro,Origen-Destino,2A,Directa Centro,Rápido San Cristóbal,110135,1755182463247,,,,,1755182463247
90084,255i,Metrocable Aurora-Cárcel,Origen-Destino,2A,Integrada,Rápido San Cristóbal,110112,1755182463247,,,,,1755182463247
90067,250R,Robledales,Origen-Destino,2A,Directa Centro,Palenque Robledal,110215,1755182463247,,,,,1755182463247
90138,Anillo 3h Carrera 73,Alpujarra - Oriental sentido horario,Origen-Destino,2B,Directa Centro,Transporte Medellín Castilla,110465,1755182463247,,,,,1755182463247
90085,255iD,Metrocable La Aurora,Origen-Destino,2A,Integrada,Rápido San Cristóbal,110122,1755182463247,,,,,1755182463247
90355,C23i DERECHA,San Cristóbal-estación San Javier,Origen-Destino,8A,Integrada,Tax Maya,113042,1755182463247,,,,,1755182463247
90139,Anillo F1 Carrera 73,Av. Greiff - Puente Horacio Toro,Origen-Destino,2B,Directa Centro,Transporte Medellín Castilla,110485,1755182463247,,,,,1755182463247
90086,255P,Palmitas-Centro,Destino-Origen,2A,Directa Centro,Rápido San Cristóbal,110135,1755182463247,,,,,1755182463247
90125,306A,Izquierda - Circular Noroccidental,Origen-Destino,2B,Integrada,Transporte Medellín Castilla,110762,1755182463247,,,,,1755182463247
90353,255 V3 HOR ESP,Boqueron Centro Horario Especial,Origen-Destino,2A,Directa Centro,Rápido San Cristóbal,112975,1755182463247,,,,,1755182463247
90331,C23i,La Palma-estación San Javier,Origen-Destino,8A,Integrada,Tax Maya,112102,1755182463247,,,,,1755182463247
90195,112,Las Palmas,Destino-Origen,6A,Directa Centro,Copatra,111196,1755182463247,,,,,1755182463247
90349,255V5,La Cuchilla,Origen-Destino,2A,Directa No Centro,Rápido San Cristóbal,112996,1755182463247,,,,,1755182463247
90209,041D,Aranjuez anillo derecha,Origen-Destino,6B,Directa Centro,Transporte Aranjuez Santa Cruz,121265,1755182463247,,,,,1755182463247
90105,254i,Pilarica integrada,Origen-Destino,2B,Integrada,Transporte Medellín Castilla,110682,1755182463247,,,,,1755182463247
90081,255A,Nuevo Occidente-Las Flores,Origen-Destino,2A,Directa Centro,Rápido San Cristóbal,110085,1755182463247,,,,,1755182463247
90092,255A,Nuevo Occidente El Tirol,Origen-Destino,2A,Directa Centro,Rápido San Cristóbal,110095,1755182463247,,,,,1755182463247
90071,250AH,La Huerta,Origen-Destino,2A,Directa Centro,Palenque Robledal,110225,1755182463247,,,,,1755182463247
90089,255V2,Vereda Yolombó - Parque San Cristóbal,Origen-Destino,2A,Directa No Centro,Rápido San Cristóbal,110166,1755182463247,,,,,1755182463247
90318,242,La Divisa,Origen-Destino,8A,Directa Centro,Coonatra,112135,1755182463247,,,,,1755182463247
90210,041I,Aranjuez anillo izquierda,Destino-Origen,6B,Directa Centro,Transporte Aranjuez Santa Cruz,121275,1755182463247,,,,,1755182463247
90082,255D,San Cristóbal -Conexión vial,Origen-Destino,2A,Directa Centro,Rápido San Cristóbal,110105,1755182463247,,,,,1755182463247
90334,C23ii,San Cristóbal-Calle Negra-estación Aurora,Origen-Destino,8A,Integrada,Tax Maya,112072,1755182463247,,,,,1755182463247
90276,103,Mirlas,Origen-Destino,6H,Directa Centro,Cootransi,111855,1755182463247,,,,,1755182463247
90088,255V1D,Vereda El Llano - Centro,Origen-Destino,2A,Directa Centro,Rápido San Cristóbal,110146,1755182463247,,,,,1755182463247
90314,227iB-2,Socorro,Origen-Destino,8A,Integrada,Metrosan,111992,1755182463247,,,,,1755182463247
90065,250AiP,Pajarito integrada,Origen-Destino,2A,Integrada,Palenque Robledal,110242,1755182463247,,,,,1755182463247
90083,255,San Cristóbal - Doña María,Origen-Destino,2A,Directa Centro,Rápido San Cristóbal,110065,1755182463247,,,,,1755182463247
90377,229i,Barrio Nuevo,Origen-Destino,8A,Integrada,Metrosan,,1755182463247,,,,,1755182463247
90231,082 V-LAD,Villa Hermosa - Los Ángeles - Directa,Destino-Origen,6D,Directa Centro,Flota Nueva Villa,111445,1755182463247,,,,,1755182463247
90277,103,Mirlas Minorista,Origen-Destino,6H,Directa Centro,Cootransi,111865,1755182463247,,,,,1755182463247
90319,242,La Quiebra,Origen-Destino,8A,Directa Centro,Coonatra,112145,1755182463247,,,,,1755182463247
90070,250VF,Robledo Villa Flora,Origen-Destino,2A,Directa Centro,Palenque Robledal,110205,1755182463247,,,,,1755182463247
90375,024 Barrial,Playon de los Comuneros_Barrial,Origen-Destino,6B,Directa No Centro,,,1755182463247,,,,,1755182463247
90237,60,Santo Domingo,Destino-Origen,6E,Directa Centro,Cootranscol,131505,1755182463247,,,,,1755182463247
90255,106,Tres Esquinas - Minorista,Origen-Destino,6F,Directa Centro,Cootransmallat,111656,1755182463247,,,,,1755182463247
90265,98 Directa 9,Santa Elena-Piedras Blancas-Las Brisas-Medellín,Destino-Origen,6G,Directa No Centro,Transacoop,111746,1755182463247,,,,,1755182463247
90260,98 Directa 4,Santa Elena-Perico-Las Brisas-Medellín,Destino-Origen,6G,Directa No Centro,Transacoop,111696,1755182463247,,,,,1755182463247
90074,251,Margaritas,Origen-Destino,2A,Directa Centro,Palenque Robledal,110315,1755182463247,,,,,1755182463247
90256,106,Tres Esquinas - Minorista horario especial,Origen-Destino,6F,Directa Centro,Cootransmallat,112945,1755182463247,,,,,1755182463247
90372,255iD Estacion Estadio,Metrocable La Aurora Estacion Estadio,Origen-Destino,2A,Directa Centro,Rápido San Cristóbal,,1755182463247,,,,,1755182463247
90372,255iD Estacion Estadio,Metrocable La Aurora Estacion Estadio,Destino-Origen,2A,Directa Centro,Rápido San Cristóbal,,1755182463247,,,,,1755182463247
90373,255i Estacion Estadio,Metrocable La Aurora Estacion Estadio,Origen-Destino,2A,Directa Centro,Rápido San Cristóbal,,1755182463247,,,,,1755182463247
90373,255i Estacion Estadio,Metrocable La Aurora Estacion Estadio,Destino-Origen,2A,Directa Centro,Rápido San Cristóbal,,1755182463247,,,,,1755182463247
90328,C23i IZQUIERA,San Cristóbal-estación San Javier,Destino-Origen,8A,Integrada,Tax Maya,112062,1755182463247,,,,,1755182463247
90085,255iD,Metrocable La Aurora,Destino-Origen,2A,Integrada,Rápido San Cristóbal,110122,1755182463247,,,,,1755182463247
90184,102D,Ávila-Iglesia Cataluña,Destino-Origen,6A,Directa Centro,Cootranscataluña,112885,1755182463247,,,,,1755182463247
90274,103,Sierra,Destino-Origen,6H,Directa Centro,Cootransi,111835,1755182463247,,,,,1755182463247
90332,C23i,Las Playas-estación San Javier,Destino-Origen,8A,Integrada,Tax Maya,112112,1755182463247,,,,,1755182463247
90274,103,Sierra,Origen-Destino,6H,Directa Centro,Cootransi,111835,1755182463247,,,,,1755182463247
90110,261ii,Estación Tricentenario,Destino-Origen,2B,Integrada,Transporte Medellín Castilla,110732,1755182463247,,,,,1755182463247
90349,255V5,La Cuchilla,Destino-Origen,2A,Directa No Centro,Rápido San Cristóbal,112996,1755182463247,,,,,1755182463247
90103,255V,Vereda La Aldea,Destino-Origen,2A,Directa No Centro,Rápido San Cristóbal,112826,1755182463247,,,,,1755182463247
90102,255V,Vereda La Suiza-La Frisola-La Guayabala-La Volcana,Destino-Origen,2A,Directa No Centro,Rápido San Cristóbal,112816,1755182463247,,,,,1755182463247
90325,311ii,Santa Lucia Directa,Destino-Origen,8A,Integrada,Coonatra,112202,1755182463247,,,,,1755182463247
90331,C23i,La Palma-estación San Javier,Destino-Origen,8A,Integrada,Tax Maya,112102,1755182463247,,,,,1755182463247
90229,81,Villa Hermosa - Derecho,Destino-Origen,6D,Directa Centro,Flota Nueva Villa,111425,1755182463247,,,,,1755182463247
90367,300 DIR-80,Circular,Destino-Origen,"Circular Coonatra 300, 301, 310, 311",Circular,Coonatra,113057,1755182463247,,,,,1755182463247
90343,111,El Salvador Barrio Nacional,Destino-Origen,6A,Directa Centro,Flota la Milagrosa,113015,1755182463247,,,,,1755182463247
90081,255A,Nuevo Occidente-Las Flores,Destino-Origen,2A,Directa Centro,Rápido San Cristóbal,110085,1755182463247,,,,,1755182463247
90092,255A,Nuevo Occidente El Tirol,Destino-Origen,2A,Directa Centro,Rápido San Cristóbal,110095,1755182463247,,,,,1755182463247
90351,255i,El Llano,Destino-Origen,2A,Integrada,Rápido San Cristóbal,113002,1755182463247,,,,,1755182463247
90301,220,San Javier-Eduardo Santos-Oriental,Origen-Destino,8A,Directa Centro,Conducciones América,112305,1755182463247,,,,,1755182463247
90088,255V1D,Vereda El Llano - Centro,Destino-Origen,2A,Directa Centro,Rápido San Cristóbal,110146,1755182463247,,,,,1755182463247
90334,C23ii,San Cristóbal-Calle Negra-estación Aurora,Destino-Origen,8A,Integrada,Tax Maya,112072,1755182463247,,,,,1755182463247
90276,103,Mirlas,Destino-Origen,6H,Directa Centro,Cootransi,111855,1755182463247,,,,,1755182463247
90089,255V2,Vereda Yolombó - Parque San Cristóbal,Destino-Origen,2A,Directa No Centro,Rápido San Cristóbal,110166,1755182463247,,,,,1755182463247
90083,255,San Cristóbal - Doña María,Destino-Origen,2A,Directa Centro,Rápido San Cristóbal,110065,1755182463247,,,,,1755182463247
90297,202,Santa Mónica-Oriental,Destino-Origen,8A,Directa Centro,Conducciones América,112245,1755182463247,,,,,1755182463247
90091,255V3,Izquierda Vereda Boquerón - Parque San Cristóbal,Destino-Origen,2A,Directa No Centro,Rápido San Cristóbal,110176,1755182463247,,,,,1755182463247
90313,227i-B,Gabriela,Origen-Destino,8A,Integrada,Metrosan,111972,1755182463247,,,,,1755182463247
90236,57,Bello Oriente,Destino-Origen,6E,Directa Centro,Coopetransa,121495,1755182463247,,,,,1755182463247
90275,103,Sierra Minorista,Destino-Origen,6H,Directa Centro,Cootransi,111845,1755182463247,,,,,1755182463247
90370,082 V-LA PILOTO,Villa Hermosa-Los Angeles-Hospital la Piloto,Destino-Origen,6D,Directa Centro,Flota Nueva Villa,,1755182463247,,,,,1755182463247
90330,C23i,El Patio-estación San Javier,Destino-Origen,8A,Integrada,Tax Maya,112092,1755182463247,,,,,1755182463247
90332,C23i,Las Playas-estación San Javier,Origen-Destino,8A,Integrada,Tax Maya,112112,1755182463247,,,,,1755182463247
90333,C23i,Pedregal Bajo-estación San Javier,Origen-Destino,8A,Integrada,Tax Maya,112122,1755182463247,,,,,1755182463247
90277,103,Mirlas Minorista,Destino-Origen,6H,Directa Centro,Cootransi,111865,1755182463247,,,,,1755182463247
90090,255V3,Derecha Vereda Boquerón - Parque San Cristóbal,Destino-Origen,2A,Directa No Centro,Rápido San Cristóbal,110186,1755182463247,,,,,1755182463247
90353,255 V3 HOR ESP,Boqueron Centro Horario Especial,Destino-Origen,2A,Directa Centro,Rápido San Cristóbal,112975,1755182463247,,,,,1755182463247
90361,311iiR,Rosales,Origen-Destino,8A,Integrada,Coonatra,113092,1755182463247,,,,,1755182463247
90320,243,La Divisa,Origen-Destino,8A,Directa Centro,Coonatra,112155,1755182463247,,,,,1755182463247
90321,243,La Quiebra,Origen-Destino,8A,Directa Centro,Coonatra,112165,1755182463247,,,,,1755182463247
90322,243i,Floresta,Origen-Destino,8A,Integrada,Coonatra,112172,1755182463247,,,,,1755182463247
90329,C23i,La Asomadera-estación San Javier,Origen-Destino,8A,Integrada,Tax Maya,112082,1755182463247,,,,,1755182463247
90330,C23i,El Patio-estación San Javier,Origen-Destino,8A,Integrada,Tax Maya,112092,1755182463247,,,,,1755182463247
90335,085 L C,La Cruz,Origen-Destino,6D,Directa Centro,Cootracovi,113425,1755182463247,,,,,1755182463247
90337,085 L H MINO,La Honda Minorista,Origen-Destino,6D,Directa Centro,Cootracovi,113435,1755182463247,,,,,1755182463247
90337,085 L H MINO,La Honda Minorista,Destino-Origen,6D,Directa Centro,Cootracovi,113435,1755182463247,,,,,1755182463247
90347,255V4,Las Playas,Origen-Destino,2A,Directa No Centro,Rápido San Cristóbal,112986,1755182463247,,,,,1755182463247
90357,107,Perlas Minorista,Origen-Destino,6H,Directa Centro,Cootransvi,113075,1755182463247,,,,,1755182463247
90359,107,Raton Pelao Minorista,Origen-Destino,6H,Directa Centro,Cootransvi,113085,1755182463247,,,,,1755182463247
90363,310R,Rosales,Origen-Destino,Circular 310Rosales,Circular,Coonatra,113097,1755182463247,,,,,1755182463247
90365,250VF_C,Villa Flora-Curazao,Origen-Destino,2A,Directa Centro,Palenque Robledal,113105,1755182463247,,,,,1755182463247
90367,300 DIR-80,Circular,Origen-Destino,"Circular Coonatra 300, 301, 310, 311",Circular,Coonatra,113057,1755182463247,,,,,1755182463247
90377,229i,Barrio Nuevo,Destino-Origen,8A,Integrada,Metrosan,,1755182463247,,,,,1755182463247
90371,254iB_TV 75,Pilarica,Origen-Destino,2B,Integrada,Transporte Medellín Castilla,,1755182463247,,,,,1755182463247
90374,172-178 FUSION,Belen la Gloria,Origen-Destino,3A,Directa Centro,Cootrabel,,1755182463247,,,,,1755182463247
90376,069 Ramal,El Jardin-La Cima,Origen-Destino,6E,Directa No Centro,Coopetransa,16855,1755182463247,,,,,1755182463247
90002,286,Circular 286,Destino-Origen,Circular 286,Circular,Combuses,112487,1755182463247,,,,,1755182463247
90108,261i Der,Derecha Castilla - Estación Universidad,Destino-Origen,2B,Integrada,Transporte Medellín Castilla,120702,1755182463247,,,,,1755182463247
90122,283i,Florencia-estación Acevedo,Destino-Origen,2B,Integrada,Transporte Medellín Castilla,110752,1755182463247,,,,,1755182463247
90080,254,Picacho,Destino-Origen,2A,Directa Centro,Transporte Medellín Castilla,110425,1755182463247,,,,,1755182463247
90090,255V3,Derecha Vereda Boquerón - Parque San Cristóbal,Origen-Destino,2A,Directa No Centro,Rápido San Cristóbal,110186,1755182463247,,,,,1755182463247
90091,255V3,Izquierda Vereda Boquerón - Parque San Cristóbal,Origen-Destino,2A,Directa No Centro,Rápido San Cristóbal,110176,1755182463247,,,,,1755182463247
90001,303,Circular Horario 303,Destino-Origen,Circular Derecha 303,Circular,Coonatra,142427,1755182463247,,,,,1755182463247
90006,301,Circular,Destino-Origen,"Circular Coonatra 300, 301, 310, 311",Circular,Coonatra,112457,1755182463247,,,,,1755182463247
90057,246,Blanquizal,Destino-Origen,2A,Directa Centro,Cootransblan,110015,1755182463247,,,,,1755182463247
90007,310,Directa Circular,Destino-Origen,"Circular Coonatra 300, 301, 310, 311",Circular,Coonatra,112467,1755182463247,,,,,1755182463247
90011,308,Ruta de la Salud derecha,Destino-Origen,"Circular 304, 305, 308, 308D, 309, 309D",Circular,Coinvetrans,112537,1755182463247,,,,,1755182463247
90012,308D,Ruta de la Salud derecha directa,Destino-Origen,"Circular 304, 305, 308, 308D, 309, 309D",Circular,Coinvetrans,112547,1755182463247,,,,,1755182463247
90252,105,El Faro,Destino-Origen,6F,Directa Centro,Cootransmallat,111626,1755182463247,,,,,1755182463247
90363,310R,Rosales,Destino-Origen,Circular 310Rosales,Circular,Coonatra,113097,1755182463247,,,,,1755182463247
90013,309,Ruta de la Salud izquierda,Destino-Origen,"Circular 304, 305, 308, 308D, 309, 309D",Circular,Coinvetrans,112557,1755182463247,,,,,1755182463247
90061,246C,Blanquizal Calazanía,Destino-Origen,2A,Directa Centro,Cootransblan,110025,1755182463247,,,,,1755182463247
90014,309D,Ruta de la Salud izquierda directa,Destino-Origen,"Circular 304, 305, 308, 308D, 309, 309D",Circular,Coinvetrans,112567,1755182463247,,,,,1755182463247
90063,246i,Blanquizal integrada,Destino-Origen,2A,Integrada,Cootransblan,110042,1755182463247,,,,,1755182463247
90015,315,Circular 315,Destino-Origen,Circular 315 Y 316,Circular,Santra,112497,1755182463247,,,,,1755182463247
90059,246D,Blanquizal Calazanía directa,Destino-Origen,2A,Directa Centro,Cootransblan,110035,1755182463247,,,,,1755182463247
90256,106,Tres Esquinas - Minorista horario especial,Destino-Origen,6F,Directa Centro,Cootransmallat,112945,1755182463247,,,,,1755182463247
90067,250R,Robledales,Destino-Origen,2A,Directa Centro,Palenque Robledal,110215,1755182463247,,,,,1755182463247
90069,250iR,Robledal integrada,Destino-Origen,2A,Integrada,Palenque Robledal,110262,1755182463247,,,,,1755182463247
90252,105,El Faro,Origen-Destino,6F,Directa Centro,Cootransmallat,111626,1755182463247,,,,,1755182463247
90070,250VF,Robledo Villa Flora,Destino-Origen,2A,Directa Centro,Palenque Robledal,110205,1755182463247,,,,,1755182463247
90075,252,Kennedy,Destino-Origen,2A,Directa Centro,Palenque Robledal,110325,1755182463247,,,,,1755182463247
90076,253D,Aures derecha,Destino-Origen,2A,Directa Centro,Palenque Robledal,110345,1755182463247,,,,,1755182463247
90077,253I,Aures izquierda,Destino-Origen,2A,Directa Centro,Palenque Robledal,110335,1755182463247,,,,,1755182463247
90078,253iA,Robledo Aures integrada,Destino-Origen,2A,Integrada,Palenque Robledal,110292,1755182463247,,,,,1755182463247
90139,Anillo F1 Carrera 73,Av. Greiff - Puente Horacio Toro,Destino-Origen,2B,Directa Centro,Transporte Medellín Castilla,110485,1755182463247,,,,,1755182463247
90079,253iAR,Robledo Aures integrada Ramal,Destino-Origen,2A,Integrada,Palenque Robledal,110302,1755182463247,,,,,1755182463247
90172,287,Terminal de Transporte Norte,Destino-Origen,5A,Directa Centro,Autobuses Poblado Laureles,110945,1755182463247,,,,,1755182463247
90303,221B,San Javier Derecho-Cuatro Esquinas-Oriental,Destino-Origen,8A,Directa Centro,Conducciones América,112295,1755182463247,,,,,1755182463247
90082,255D,San Cristóbal -Conexión vial,Destino-Origen,2A,Directa Centro,Rápido San Cristóbal,110105,1755182463247,,,,,1755182463247
90084,255i,Metrocable Aurora-Cárcel,Destino-Origen,2A,Integrada,Rápido San Cristóbal,110112,1755182463247,,,,,1755182463247
90087,255V1,Vereda El Llano - Parque San Cristóbal,Destino-Origen,2A,Directa No Centro,Rápido San Cristóbal,110156,1755182463247,,,,,1755182463247
90094,260CL,Clínica,Destino-Origen,2A,Directa Centro,Palenque Robledal,110365,1755182463247,,,,,1755182463247
90095,260C,Córdoba,Destino-Origen,2A,Directa Centro,Palenque Robledal,110355,1755182463247,,,,,1755182463247
90304,221i,Villa Laura-San Javier,Destino-Origen,8A,Integrada,Conducciones América,112312,1755182463247,,,,,1755182463247
90096,260i,Seminario integrada,Destino-Origen,2A,Integrada,Palenque Robledal,110392,1755182463247,,,,,1755182463247
90324,311i,Santa Lucia,Destino-Origen,8A,Integrada,Coonatra,112192,1755182463247,,,,,1755182463247
90210,041I,Aranjuez anillo izquierda,Origen-Destino,6B,Directa Centro,Transporte Aranjuez Santa Cruz,121275,1755182463247,,,,,1755182463247
90097,260BR,Brisas,Destino-Origen,2A,Directa Centro,Palenque Robledal,110385,1755182463247,,,,,1755182463247
90098,260T,Torres,Destino-Origen,2A,Directa Centro,Palenque Robledal,110375,1755182463247,,,,,1755182463247
90104,261A,Alfonso López - Viejo Terminal,Destino-Origen,2B,Directa Centro,Transporte Medellín Castilla,110575,1755182463247,,,,,1755182463247
90105,254i,Pilarica integrada,Destino-Origen,2B,Integrada,Transporte Medellín Castilla,110682,1755182463247,,,,,1755182463247
90106,254iB_TV 73,Pilarica,Destino-Origen,2B,Integrada,Transporte Medellín Castilla,110782,1755182463247,,,,,1755182463247
90107,261,Alfonso López Calle 94,Destino-Origen,2B,Directa Centro,Transporte Medellín Castilla,120565,1755182463247,,,,,1755182463247
90111,263,12 de Octubre - Calle 90,Destino-Origen,2B,Directa Centro,Transporte Medellín Castilla,110585,1755182463247,,,,,1755182463247
90115,265,Castillita,Destino-Origen,2B,Directa Centro,Transporte Medellín Castilla,110595,1755182463247,,,,,1755182463247
90116,270i,Gratamira-Estación Acevedo,Destino-Origen,2B,Integrada,Transporte Medellín Castilla,110742,1755182463247,,,,,1755182463247
90117,280,Santander - Carrera 73,Destino-Origen,2B,Directa Centro,Transporte Medellín Castilla,110605,1755182463247,,,,,1755182463247
90118,280 Directa,Santander - Carrera 73,Destino-Origen,2B,Directa Centro,Transporte Medellín Castilla,110615,1755182463247,,,,,1755182463247
90241,88,Pinar Torres,Origen-Destino,6F,Directa Centro,Cootranspinal,111535,1755182463247,,,,,1755182463247
90119,281,Florencia,Destino-Origen,2B,Directa Centro,Transporte Medellín Castilla,110625,1755182463247,,,,,1755182463247
90126,306B,Derecha - Circular Noroccidental,Destino-Origen,2B,Integrada,Transporte Medellín Castilla,110772,1755182463247,,,,,1755182463247
90128,Anillo 1 Carrera 65,Carabobo - Av. de Greiff,Destino-Origen,2B,Directa Centro,Transporte Medellín Castilla,110505,1755182463247,,,,,1755182463247
90129,Anillo 3AH Carrera 65,Alpujarra - Oriental sentido antihorario,Destino-Origen,2B,Directa Centro,Transporte Medellín Castilla,110525,1755182463247,,,,,1755182463247
90130,Anillo 3H Carrera 65,Alpujarra - Oriental sentido horario,Destino-Origen,2B,Directa Centro,Transporte Medellín Castilla,110515,1755182463247,,,,,1755182463247
90231,082 V-LAD,Villa Hermosa - Los Ángeles - Directa,Origen-Destino,6D,Directa Centro,Flota Nueva Villa,111445,1755182463247,,,,,1755182463247
90131,Anillo 3H Carrera 65 Horario Esp,Alpujarra - Oriental sentido horario,Destino-Origen,2B,Directa Centro,Transporte Medellín Castilla,112845,1755182463247,,,,,1755182463247
90132,Anillo F1 Carrera 65,Av. Greiff - Puente Horacio Toro,Destino-Origen,2B,Directa Centro,Transporte Medellín Castilla,110535,1755182463247,,,,,1755182463247
90133,Anillo F2 Carrera 65,Av. Regional - San Diego,Destino-Origen,2B,Directa Centro,Transporte Medellín Castilla,110545,1755182463247,,,,,1755182463247
90134,Anillo F3 Carrera 65,Parque Los Periodistas,Destino-Origen,2B,Directa Centro,Transporte Medellín Castilla,110555,1755182463247,,,,,1755182463247
90135,Anillo 1 Carrera 73,Carabobo - Av. Greiff,Destino-Origen,2B,Directa Centro,Transporte Medellín Castilla,110445,1755182463247,,,,,1755182463247
90209,041D,Aranjuez anillo derecha,Destino-Origen,6B,Directa Centro,Transporte Aranjuez Santa Cruz,121265,1755182463247,,,,,1755182463247
90136,Anillo 2 Carrera 73,El Hueco - Parque Berrío,Destino-Origen,2B,Directa Centro,Transporte Medellín Castilla,110455,1755182463247,,,,,1755182463247
90239,87,Pinar Torres,Destino-Origen,6F,Directa Centro,Cootranspinal,111525,1755182463247,,,,,1755182463247
90137,Anillo 3ah Carrera 73,Alpujarra - Oriental sentido antihorario,Destino-Origen,2B,Directa Centro,Transporte Medellín Castilla,110475,1755182463247,,,,,1755182463247
90240,087 Horario Esp,Pinar Torres horario esp,Destino-Origen,6F,Directa Centro,Cootranspinal,112905,1755182463247,,,,,1755182463247
90138,Anillo 3h Carrera 73,Alpujarra - Oriental sentido horario,Destino-Origen,2B,Directa Centro,Transporte Medellín Castilla,110465,1755182463247,,,,,1755182463247
90181,099 Horario Esp,Cerros de Quintalinda,Destino-Origen,6A,Directa Centro,Coopcerquin,112875,1755182463247,,,,,1755182463247
90202,6,La Francia,Destino-Origen,6B,Directa Centro,Transconor,111215,1755182463247,,,,,1755182463247
90203,22,Santa Cruz - Terminal,Destino-Origen,6B,Directa Centro,Transporte Aranjuez Santa Cruz,111225,1755182463247,,,,,1755182463247
90249,105,Golondrinas - Minorista,Destino-Origen,6F,Directa Centro,Cootransmallat,111616,1755182463247,,,,,1755182463247
90205,23,Popular N° 1,Destino-Origen,6B,Directa Centro,Transporte Aranjuez Santa Cruz,111235,1755182463247,,,,,1755182463247
90206,24,Playón de los Comuneros,Destino-Origen,6B,Directa Centro,Transporte Aranjuez Santa Cruz,111245,1755182463247,,,,,1755182463247
90207,24,Playón de los Comuneros - Oriental,Destino-Origen,6B,Directa Centro,Transporte Aranjuez Santa Cruz,111255,1755182463247,,,,,1755182463247
90211,42,Aranjuez intermedia,Destino-Origen,6B,Directa Centro,Transporte Aranjuez Santa Cruz,111285,1755182463247,,,,,1755182463247
90238,069,El Jardín,Destino-Origen,6E,Directa Centro,Coopetransa,111515,1755182463247,,,,,1755182463247
90333,C23i,Pedregal Bajo-estación San Javier,Destino-Origen,8A,Integrada,Tax Maya,112122,1755182463247,,,,,1755182463247
90241,88,Pinar Torres,Destino-Origen,6F,Directa Centro,Cootranspinal,111535,1755182463247,,,,,1755182463247
90247,105,Golondrinas,Destino-Origen,6F,Directa Centro,Cootransmallat,111606,1755182463247,,,,,1755182463247
90259,98 Directa 3,Santa Elena-Las Brisas-Medellín,Destino-Origen,6G,Directa No Centro,Transacoop,111686,1755182463247,,,,,1755182463247
90266,93,Caicedo La Toma,Destino-Origen,6H,Directa Centro,Copatra,111755,1755182463247,,,,,1755182463247
90267,93,Caicedo,Destino-Origen,6H,Directa Centro,Copatra,111765,1755182463247,,,,,1755182463247
90268,93,Caicedo La Toma Minorista,Destino-Origen,6H,Directa Centro,Copatra,111775,1755182463247,,,,,1755182463247
90270,95,Perlas,Destino-Origen,6H,Directa Centro,Copatra,111795,1755182463247,,,,,1755182463247
90271,95,Perlas Minorista,Destino-Origen,6H,Directa Centro,Copatra,111805,1755182463247,,,,,1755182463247
90272,95,Villatina,Destino-Origen,6H,Directa Centro,Copatra,111815,1755182463247,,,,,1755182463247
90273,95,Villatina Minorista,Destino-Origen,6H,Directa Centro,Copatra,111825,1755182463247,,,,,1755182463247
90278,107,Perlas,Destino-Origen,6H,Directa Centro,Cootransvi,111875,1755182463247,,,,,1755182463247
90279,107,San Antonio-Minorista,Destino-Origen,6H,Directa Centro,Cootransvi,111895,1755182463247,,,,,1755182463247
90280,107,Ratón Pelao,Destino-Origen,6H,Directa Centro,Cootransvi,111905,1755182463247,,,,,1755182463247
90284,192,Laureles Nogal # 1,Destino-Origen,8A,Directa Centro,Autobuses Poblado Laureles,112375,1755182463247,,,,,1755182463247
90281,107,San Antonio,Destino-Origen,6H,Directa Centro,Cootransvi,111885,1755182463247,,,,,1755182463247
90282,190,Laureles Parque,Destino-Origen,8A,Directa Centro,Autobuses Poblado Laureles,112355,1755182463247,,,,,1755182463247
90290,195ii,Laureles Campestre-estación Santa Lucía - estación Floresta,Destino-Origen,8A,Integrada,Tax Maya,112032,1755182463247,,,,,1755182463247
90285,193,Laureles Nogal # 2,Destino-Origen,8A,Directa Centro,Autobuses Poblado Laureles,112385,1755182463247,,,,,1755182463247
90309,226i,Salado,Destino-Origen,8A,Integrada,Metrosan,111942,1755182463247,,,,,1755182463247
90310,226i-D,Depósito,Destino-Origen,8A,Integrada,Metrosan,111932,1755182463247,,,,,1755182463247
90286,193i,Estadio-Bolivariana-Laureles,Destino-Origen,8A,Integrada,Autobuses Poblado Laureles,112392,1755182463247,,,,,1755182463247
90311,227i-1,Quintas,Destino-Origen,8A,Integrada,Metrosan,111982,1755182463247,,,,,1755182463247
90308,225i-2,Colinas,Destino-Origen,8A,Integrada,Metrosan,111922,1755182463247,,,,,1755182463247
90287,193ii,Estadio-Laureles Santa Teresita,Destino-Origen,8A,Integrada,Autobuses Poblado Laureles,112402,1755182463247,,,,,1755182463247
90312,227i-A,Peñitas,Destino-Origen,8A,Integrada,Metrosan,111962,1755182463247,,,,,1755182463247
90288,195,Simón Bolívar-Unicentro-Centro,Destino-Origen,8A,Directa Centro,Tax Maya,112015,1755182463247,,,,,1755182463247
90313,227i-B,Gabriela,Destino-Origen,8A,Integrada,Metrosan,111972,1755182463247,,,,,1755182463247
90289,195i,Simón Bolívar-Unicentro-estación Santa Lucía,Destino-Origen,8A,Integrada,Tax Maya,112022,1755182463247,,,,,1755182463247
90292,201,Éxito Corazón,Destino-Origen,8A,Directa Centro,Conducciones América,112955,1755182463247,,,,,1755182463247
90293,201,Éxito Corazón,Destino-Origen,8A,Directa Centro,Conducciones América,112965,1755182463247,,,,,1755182463247
90296,201i,Los Tanques-El Volcán-El Corazón-San Javier,Destino-Origen,8A,Integrada,Conducciones América,112232,1755182463247,,,,,1755182463247
90315,227i-C,Caseta,Destino-Origen,8A,Integrada,Metrosan,111952,1755182463247,,,,,1755182463247
90316,228i,Conquistadores,Destino-Origen,8A,Integrada,Metrosan,112002,1755182463247,,,,,1755182463247
90298,202i,El Morro-Travesías-Corazón-Santa Lucía,Destino-Origen,8A,Integrada,Conducciones América,112252,1755182463247,,,,,1755182463247
90300,203 Corazón,Corazón-Oriental,Destino-Origen,8A,Directa Centro,Conducciones América,112275,1755182463247,,,,,1755182463247
90329,C23i,La Asomadera-estación San Javier,Destino-Origen,8A,Integrada,Tax Maya,112082,1755182463247,,,,,1755182463247
90335,085 L C,La Cruz,Destino-Origen,6D,Directa Centro,Cootracovi,113425,1755182463247,,,,,1755182463247
90347,255V4,Las Playas,Destino-Origen,2A,Directa No Centro,Rápido San Cristóbal,112986,1755182463247,,,,,1755182463247
90357,107,Perlas Minorista,Destino-Origen,6H,Directa Centro,Cootransvi,113075,1755182463247,,,,,1755182463247
90359,107,Raton Pelao Minorista,Destino-Origen,6H,Directa Centro,Cootransvi,113085,1755182463247,,,,,1755182463247
90376,069 Ramal,El Jardin-La Cima,Destino-Origen,6E,Directa No Centro,Coopetransa,16855,1755182463247,,,,,1755182463247
